text,translated_te,lang,id,polarization,political,racial/ethnic,religious,gender/sexual,other,stereotype,vilification,dehumanization,extreme_language,lack_of_empathy,invalidation
ايه الاجالك من كول واحد يهزقك يابنت ستين كلب ملقتيش راجل يلمك,"ఒక వ్యక్తి మిమ్మల్ని అవమానించినప్పుడు, ""మీరు 60 ఏళ్ల వయస్సులో ఉన్నారు, మీకు జీవిత భాగస్వామి దొరకలేదు"" అని చెప్పడం.",arb,arb_72f53c56af8a8b4c230d00ed886ff636,1,0,0,0,1,1,1,1,1,1,0,1
ليس هناك حشد شعبي وإنما هو حقد شيعي على السنة .,"ఇది సాధారణ ప్రజల ప్రతాపం కాదు, ఇది షియా ముస్లింల ద్వారా సన్యాస్ ముస్లింలపై వ్యతిరేక భావన.",arb,arb_ebe0bae6ae671dd5c5c105dc94173b55,1,0,0,1,0,0,1,0,0,1,0,1
إسمعوا يبتوع التجمع الثالث لازم تفهموا إن دى مش أخلاق عين شمس إحنا بلطجية بس مش لدرجةالعالم أكلة لحوم البشر دول,"మూడవ సమూహం యొక్క సభ్యులు, ఇది ఖచ్చితంగా ఖమ్మం యొక్క నైతిక విలువలకు విరుద్ధం. మేము నేరస్థులు, కానీ ప్రపంచంలోని ఇతర నేరస్థుల స్థాయిలో కాదు.",arb,arb_4f6e187ba4f63fa3022e8afb0f654bdf,1,0,1,0,0,1,1,1,1,1,0,0
أمريكا قتلت بالامس معوق رفض رفع يديه فماذا تريد من الشرطة المصرية أن تفعل عندما تتعامل مع مسلحين معهم متفجرات,"గతంలో అమెరికా ఒక వ్యక్తిని, అతను తన చేతులను ఎత్తడానికి నిరాకరించాడు. ఇప్పుడు, అతను పేలుడు పదార్థాలతో ఉన్న ఆయుధాలతో ఉన్న వ్యక్తులతో వ్యవహరించేటప్పుడు, ఈజిప్టు పోలీసుల నుండి అతను ఏమి కోరుకుంటున్నాడు?",arb,arb_ded3468b5ff1e724ee7a6fea9e7e9b31,1,1,1,0,0,0,1,1,0,0,1,1
"هي زعلت لية مش فاهم 
ماهي وكل النسوان بيروحوا الجيم المختلط علشان يتم التحرش بيهم",నేను అర్థం చేసుకోలేకపోతున్నాను. మహిళలు కలిసి వ్యాయామశాలలో వెళ్లడం వల్ల లైంగిక వేధింపులకు గురయ్యే అవకాశం ఉంది.,arb,arb_70ec85371e45ab3806c3401d14c46dfa,1,0,0,0,1,0,1,1,0,1,1,1
مين سائل عنن وين ماكانو يكونو بجهنم تاخدن هم والنصيرية ديدن واحد... منافقين مرتدين يكرهون المسلمين,"""వారు ఎక్కడ ఉన్నా, నరకంలో ఉండవచ్చు... కానీ వారు నిస్సహాయులు మరియు నిస్సహాయులు... వారు అబద్ధాలు చెబుతూ, ముస్లింలను ద్వేషిస్తారు.""",arb,arb_503f064bd77052039171377f61b4a6a5,1,0,1,1,0,0,1,1,0,1,1,1
شعب جاهل ومتخلف يحب الخير لأمه وأخته دين ذكوري وإحتقار المرأة تسعى وتشتغل مثلها الرجل,"జ్ఞానం లేని, అభివృద్ధి లేని ఒక సమాజం, తమ తల్లి, సోదరి కోసం మంచి కోరుకుంటుంది. పురుషులు మాత్రమే పని చేయాలని, స్త్రీలు పని చేయకూడదని భావిస్తారు.",arb,arb_5134aff5e639ba63948b404d58ccddd5,1,0,1,1,1,1,1,1,0,1,1,1
الخليجيين يظنوا بانهم افضل من الاخرين بسبب فلوسهم بس لازم يعرفوا بان النخوه و العرووووبه فوق المال و الفلوس بالحذاااااء,"""ఖలీజులు తమ దగ్గర ఉన్న డబ్బు కారణంగా, మిగిలిన వారి కంటే తాము గొప్ప అని అనుకుంటారు. కానీ నిజానికి, గౌరవం, దయ, మరియు నిజాయితీ అనేవి డబ్బు కంటే చాలా ముఖ్యమైనవి.""",arb,arb_303d8816de891f54aefdba7e2c4fe0cf,1,0,1,0,0,0,1,1,0,1,0,1
لعنه الله عليك أو على احمد الشرع,దేవుడు ఆహ్మద్ ష్రె మీద ప్రతీకారం తీర్చుకోవాలని లేదా ఆహ్మద్ ష్రె మీద ప్రతీకారం తీర్చుకోవాలని.,arb,arb_9eb8a241e79b72d03edf44521024475a,1,1,1,0,0,1,0,1,0,1,0,0
لعنه الشعب التونسي الساكت والخانس لعنكم,"తొనిసియన్ ప్రజల నిశ్శబ్దానికి, హాన్స్‌కు శాపం.",arb,arb_5ce632d936375dbc64ed86cc7507d9ce,1,1,1,0,0,0,0,1,0,1,0,1
আমার বুঝে আসে না যারা রাসুলুল্লাহ সল্লাল্লাহু আলাইহি ওয়াসাল্লামকে ফিরানসে কার্টুন করার প্রতিবাদে রাজ পথের মানববন্ধন মিছিল করাকে না জায়েজ বলতঅথচ আজ তারই দেখি মানববন্ধন করে এখন কিভাবে জায়েজ হবে আমি নিজে তখন জামাতে ছিলাম প্রতিবাদ মিছিলে আামাকে যেতে দেওয়া হয় নিওটা নাকি না জায়েজ মুনাফেকি,"నాకు అర్థం కాలేదు, ముహమ్మద్ ప్రవక్త (సల్లాలలాహు আলাইహి వసలామ్) గురించి ఫ్రాన్స్‌లో కార్టూన్లను రూపొందించడాన్ని వ్యతిరేకిస్తూ వీధుల్లో నిరసన ప్రదర్శనలు నిర్వహించడం సరైనదేనా అని వాదించేవారు, కానీ ఇప్పుడు ఆ వ్యక్తులు కూడా నిరసన ప్ర",ben,ben_c4fb02a7149e649e7c7e93d5a0d01eae,1,0,0,1,0,0,0,0,0,1,0,1
বাংলাদেশে কি ভালো শিক্ষামন্ত্রী পাবো না যে একটু হলেও মুসলমানকে ভালোবাসবে তার বক্তব্য যদি হয় নূরানী এবং কওমি মাদ্রাসার কারণে শিক্ষার্থী কমে যাচ্ছে সেগুলোকে নিয়ন্ত্রণ করতে হবে তাহলে এখানে নিয়ন্ত্রণ বলতে কি উদ্দেশ্য বুঝানো হয়েছে অবশ্যই নূরানী এবং কওমি মাদ্রাসার ছাত্রছাত্রীদের বাধাগ্রস্ত করা হবে কোন কৌশলে বুঝানো হয়েছে এটাও এক ধরনের ষড়যন্ত্রমূল বক্তব্য বলে ধারণা করা যায়,"""బంగladeshలో, ముస్లింలను కొంతవరకు ప్రోత్సహించే మంచి మంత్రి దొరకడం కష్టమని, నూరాని మరియు కౌమి మదర్సుల కారణంగా విద్యార్థుల సంఖ్య తగ్గుతోందని, వీటిని నియంత్రించాల్సిన అవసరం ఉందని చెప్పడం, ఇక్కడ 'నియంత్రించడం' అంటే ఏమిటో స్పష్టంగా తెలియజే",ben,ben_7a2ad2593ec2feb401271908bfe03188,1,0,0,1,0,0,0,1,0,0,0,1
মূল কথা কেউ বলে না সবাই ভয় পায় ইসরায়েল কেন ফিলিস্তিন দখল করতে চায় এটা সব মুসলমান জানে তবে মিডিয়া সেই কারণ কখনো বলবে না,"ప్రధానంగా, ఎవరూ చెప్పడం లేదు, కానీ ఇజ్రాయెల్ ఫিলিస్తీలను ఎందుకు ఆక్రమించాలనుకుంటుందో అందరికీ తెలుసు. అయితే, మీడియా ఆ కారణాన్ని ఎప్పుడూ చెప్పదు.",ben,ben_0f0f968355bb135132da66fb930da72a,1,0,0,1,0,0,1,0,0,0,0,1
প্রথমতমিডিয়ার এই হস্তক্ষেপ ভাল দেখছিনা ইজতেমায়এটা দূর থেকে দেখে বলার জিনিস নাদ্বীনের হাওয়াহেদায়েতের বাতাসকিভাবে সাধারনের মাঝে পৌছে যায় তার জন্য একটা মেহনতএত মানুষ যখন একত্র হয় আল্লাহর দ্বীনকে জিন্দা করার নিয়তে তখন অবশ্যই আল্লাহ রহমতের ছায়া দেনকিন্তু দূর থেকে দেখে জিকির আজগার মনে হবেজিকিরই হচ্ছে তবে আল্লাহর আলোচনাও যে জিকির এটা আগে বুঝতে হবে শেষে এটা আবার বলবমিডিয়া এগুলা বেশি করে কি বোঝাতে চাইছে আমার সন্দেহ থেকেই যায়,"మొదటగా, మీడియా యొక్క ఈ జోక్యం నాకు సరిగ్గా అర్థం కావడం లేదు. ఇజ్టేమాలో, దూరం నుండి చూస్తే, సాధారణ ప్రజలకు ఎలా చేరవేయబడుతుందో నాకు తెలియదు. ఎంతో మంది ఇస్లాంను బలోపేతం చేయడానికి కలిసి వచ్చినప్పుడు, ఖచ్చితంగా దేవుడు తన దయను ప్రసాది",ben,ben_885df566c7b53ed65a58a1d7c9e84250,1,0,0,1,0,0,0,0,0,0,1,1
কাদের সাহেব আপনি কি করে চিন্তা করেন যে জনগণ আপনাদেরকে সমর্থন করবে আর আওয়ামি লিগ হাত গুটিয়ে বসে থাকবে,"మీరు ఏమి ఆలోచిస్తున్నారు? ప్రజలు మిమ్మల్ని మద్దతు ఇస్తారు, మరియు ఆమ్మిలీగ్ నిష్క్రియంగా ఉండిపోతుంది అని మీరు అనుకుంటున్నారా?",ben,ben_27603196567a71df86c0872ce3a8ed4f,1,1,0,0,0,0,0,0,0,0,0,1
যার ইমানই নাই সে আবার ফুল হয় কিভাবে বিশ্ব জংগীবাদীদের সৃষ্টি নবী সাঃ বিদ্বেষী সাহাবা রাঃ বিদ্বেষী তাকে যতই ফুল বানানোর চেষ্টা করা হবে দুগ্ধ ছড়াবে,"వారికి విశ్వాసం లేని వారు మళ్లీ ఎలా పుడతారు? ప్రపంచంలోని దురాక్రమణదారులు, నబీ సా (స) యొక్క అనుచరులను, ఇతర అనుచరులను ద్వేషించే వారు వారిని ఎలా మోసం చేయడానికి ప్రయత్నిస్తారు?",ben,ben_f1cbc4051ee28baf6f5e3f86bd0b1c8a,1,0,0,1,0,0,1,1,1,1,0,0
কস কি আমরা সাধারণ মানুষহলে ৷ তোরা কি অসাধারন মানুষ ৷ জয়ী হওয়ার আগেই আমাদের আলাদা করে দিলি,"మేము సాధారణ వ్యక్తులు అయితే, మీరు ప్రత్యేకమైన వ్యక్తులలా ఉన్నారు. మీరు గెలుపొందిన ముందే, మిమ్మల్ని ప్రత్యేకంగా గుర్తించారు.",ben,ben_256859c7a2e0f65d76f20cf1abe7d8b6,1,0,0,0,0,1,1,0,0,0,0,1
এ নাস্তিক কোন ধর্মে বিশ্বাসী না যদি ধর্মে বিশ্বাসী হত পবিত্র কুরআনকে অবহেলা করে কথা বলার সাহস করত না কোরআনে ঘোষণা করা হয়েছে আল্লাহর জমিনে আল্লাহর দ্বীন প্রতিষ্ঠা প্রত্যেক ইমানদারের দায়িত্ব,"ఈ అజ్ఞేయ వ్యక్తి ఏ మతంలోనూ విశ్వాసం కలిగి ఉండడు, ఒకవేళ విశ్వాసం కలిగి ఉంటే, ఖురాన్‌ను విస్మరించే ధైర్యం కలిగి ఉండడు. ఖురాన్ ప్రకారం, దేవుని భూమిపై దేవుని మతాన్ని స్థాపించడం ప్రతి విశ్వాసుల బాధ్యత.",ben,ben_f5823ad1edb82cb0cfbbbfeed5ce2eda,1,0,0,1,0,0,1,1,0,0,0,1
যার বলে ধর্ম যার যার উৎসব সবার তাদের এই কথা কোনো হিন্দু বলে সেকি গরুর গোস খাবে বা ঈদল ফিতর এবং ঈদুল আযহার নামাজ পড়বে আমাদের সাথে আর ধর্ম যার যার উৎসব সবার যদি কোনো মুসলিম বলে সেকি শুয়োরের গোস খাবে,"""ప్రతి ఒక్కరి ఆచారం వేరు, కాబట్టి ఒక వ్యక్తి ఏ పండుగను జరుపుకుంటాడు అనేది అతని వ్యక్తిగత నమ్మకంపై ఆధారపడి ఉంటుంది. ఒక వ్యక్తి హిందువు అయితే, అతను బ్రహ్మోత్సం లేదా ईद-ఉల్-ఫితర్ మరియు ईद-ఉల్-అజర్ వేడుకలను జరుపుకుంటాడు. అదేవిధంగా",ben,ben_08a7b9009f5b5956efe4c73e778e2c7c,1,0,0,1,0,0,1,0,0,0,0,1
ওবায়দুল কাদের হচ্ছে বাংলাদেশের মানুষের বিনোদন পাগলে কিনা বলে আর ছাগলে কিনা খায় কাউয়া আসলেই কাউয়া রয়ে গেলো কে কে একমত,"ఓবায়দুল কাদের, ప్రజలకు వినోదం అంటే ఎంత ముఖ్యమో, అంతేకాకుండా వారు పశువులను కూడా తింటారనే ఆరోపణలు ఉన్నాయి. ఒకవేళ ఇది నిజమైతే, ప్రజలు దీనికి ఎలా స్పందిస్తారో చూడాలి.",ben,ben_d7ec780695a1bd06f2d8eb385ba5b1f7,1,1,0,0,0,0,0,1,1,1,0,0
কথা কিন্তু সত্য তুমি যা দেশের টাকার দুর্নীতি করে বিদেশ পাঠাইছে সেটা আমরা বছর কামাই করতে পারবো না,"అయితే, మీరు దేశంలోని నిధులను దుర్వినియోగం చేసి, వాటిని విదేశాలకు పంపుతున్నారని చెప్పడం నిజం. మనం ఆ డబ్బును తిరిగి పొందలేము.",ben,ben_4b31d4dae9117e7191c9125bc6c69d02,1,1,0,0,0,0,0,1,0,0,0,1
এত বড় মিথ্যাচার আল্লাহ আপনাদের কখনও ক্ষমা করবে না একজন সৎ প্রফেসর এর কাছে থেকে জাতি এতবড় মিথ্যাচার জাতী আশা করে নাফখরুল সাহেব,ఇంత పెద్ద అబద్ధాలను దేవుడు మిమ్మల్ని ఎప్పటికీ క్షమించడు. నిజాయితీగల ప్రొఫెసర్ నుండి ఇలాంటి అబద్ధాలను ఆశించకూడదు. నఫఖర్ సుల్తాన్,ben,ben_98aebbe3898d9bb0c3df1ac3d044e07c,1,1,0,0,0,0,0,1,0,1,0,1
হিন্দু ধর্ম আসলেই কোন ধর্ম নয় তাদের প্রধান ধর্মগ্রন্থ রিসার্চ করলেই কোন হিন্দু আর হিন্দু থাকে না ভারতের ৬৫ কোটি হিন্দু যাকে ভগবানের মতোই মনে করতো সেই ডঃ শিবশক্তি ১৫২০ টা ভাষায় ডিগ্রী অর্জন করে শেষ পর্যন্ত মুসলমানদের ধর্মী ইসলাম ধর্ম গ্রহণ করেছেন আর একটা সত্যি কথা পৃথিবীর সকল ধর্ম গ্রন্থের মধ্যে একমাত্র আল কোরআন মুখস্থ আছে কোটি কোটি হাফেজের সকল ধর্ম গ্রন্থ নষ্ট হয়ে গেলেও আবারও আল কোরআন লেখা সম্ভব ইনশাআল্লাহ,"హిందూ మతం నిజంగానే ఒక మతం కాదు. దాని ప్రధాన గ్రంథాలను పరిశీలిస్తే, హిందువులు మరియు హిందువులు అనే తేడా ఉండదు. భారతదేశంలోని 65 కోట్లు మంది హిందువులను దేవునిలా భావించే డాక్టర్ శివశక్తి, 1520 భాషలలో డిగ్రీ పొంది, చివరికి ఇస్లా",ben,ben_fe5cae72bb77e6517a06af9811308407,1,0,0,1,0,0,0,1,0,1,0,1
নতুন কারিকুলাম এর শিক্ষা ব্যবস্থা ভবিষ্যৎ জাতির নৈতিকতা ধ্বংসের প্রধান কারণ আসলে ক্ষমতা চিরকাল থাকে না প্রকৃতির কিছু নিয়ম থাকে একদিন না একদিন ঠিকই বুঝবেন এই শিক্ষা ব্যবস্থা মুসলিম কোন দেশের জন্য হতে পারে না এই শিক্ষা ব্যবস্থা মনুষত্ববোধ জাতি গঠন করতে পারবেনা,"కొత్త పాఠ్యాంశాల వ్యవస్థ, భవిష్యత్ తరాల నైతికతను నాశనం చేసే ప్రధాన కారణం. నిజానికి, అధికారం ఎప్పటికీ ఉండదు. ప్రకృతి కొన్ని నియమాలు ఉంటాయి. ఒకరోజు తప్పకుండా, ఈ విద్యారంగం ముస్లిం దేశాలకు అనుకూలంగా ఉండదు. ఈ విద్యారంగం మానవత్వాన్ని, సమాజాన్ని నిర్",ben,ben_1587798b0f4e1a32e7fee68462e1ec07,1,0,0,1,0,0,0,1,0,1,0,1
মূল্য কত আল্লার মাল আল্লাহ নিলে মানুষ কেন মূল্য দেবে আর দেবার কি ই বা ক্ষমতা রাখে কথা একটু হুসে বল মালবেশী পেটে পরেছে নাকি,"ధర ఎంత? దేవుడు ఇస్తే, ఎందుకు మనుషులు దాని కోసం డబ్బు చెల్లించాలి? వారికి ఆ డబ్బు చెల్లించే శక్తి కూడా ఉండదు. బహుశా, వారు ఎక్కువ డబ్బు సంపాదించడానికి ప్రయత్నిస్తున్నారేమో.",ben,ben_f7fd2e377027f45e3efa9b897d251030,1,0,0,1,0,0,0,1,0,1,0,0
কথা পরিষ্কার ফেসবুকের বাহবা কিংবা ট্রলের উপর ভিত্তি করে ইসলামি আন্দোলন রাজনীতি করে না তাঁরা তাঁদের লক্ষবস্তু ও নীতি আদর্শের উপর ভিত্তি করে পরিকল্পনা অনুযায়ী রাজনীতি করে,"వారు సాధారణంగా, ఫేస్‌బుక్ ప్రభావం లేదా ట్రోలింగ్‌ ఆధారంగా ఇస్లామిక్ ఉద్యమం రాజకీయాలు చేయరు. వారు తమ లక్ష్యాలు మరియు సూత్రాల ఆధారంగా ప్రణాళిక ప్రకారం రాజకీయాలు చేస్తారు.",ben,ben_efd63229e97bd70cd520ca43c63498da,1,1,0,1,0,0,0,0,0,0,0,1
আবূ বাক্রাহ্ রাঃ থেকে বর্ণিতঃ তা হল নবী সাল্লাল্লাহু আলাইহি ওয়া সাল্লামএর নিকট যখন এ খবর পৌছল যে পারস্যের লোকেরা কিস্রার মেয়েকে তাদের শাসক নিযুক্ত করেছে তখন তিনি বললেনঃ সে জাতি কখনো সফলকাম হবে না যারা তাদের শাসনভার কোন স্ত্রীলোকের হাতে অর্পণ করে ফুটনোটঃ ১৬০ মুসলমানরা যদি সফলতা পেতে চায় তবে তাদেরকে অবশ্যই নারী নেতৃত্ব পরিহার করতে হবে সহিহ বুখারী হাদিস নং ৭০৯৯ হাদিসের মান সহিহ হাদিস,"అబు బక్కర్ (ర.అ.) చెప్పిన కథ: ప్రవక్త (సల్లAllahu 'alaihi ওয়াসల్లం)కు, పర్షియన్ ప్రజలు కీసరను తమ పాలనలో నియమించారని తెలియగానే, ఆయన ఇలా అన్నారు: ""ఆ జాతి, తమ పాలనను స్త్రీల చేతుల్లోకి అప్పగించే వారు, ఎ",ben,ben_b52045d767dcd97778ca6109c93a7d02,1,0,0,0,1,0,1,0,0,0,0,1
আসলেই কি রোজার উদ্দেশ্য এমন যে বেপর্দা খোলামেলা হয়ে পুরো পরিবার নিয়ে হৈহুল্লোড় করে রেস্টুরেন্টে গিয়ে সেহেরি খেয়ে কোন রকমের নামাজ কালামের তোয়াক্কা না করে শুধু উপোষ করা,"వాస్తవానికి, రోజాయాత్ర యొక్క ఉద్దేశం ఏమిటంటే, పూర్తిగా బహిరంగంగా, కుటుంబంతో కలిసి రెస్టారెంట్‌కు వెళ్లి, షేరి తిని, ప్రార్థనలు లేకుండా కేవలం ఉపవాసం చేయడం.",ben,ben_03e3287f9d54365e9efaa765f1391691,1,0,0,1,0,0,1,0,0,0,1,1
Gibt sogar recht viele Ex-Muslime. Alles sehr vernünftige Leute.,వాస్తవానికి చాలా మంది ముస్లింల నుండి విడిపోయిన వ్యక్తులు ఉన్నారు. వీరంతా చాలా తెలివైన వ్యక్తులు.,deu,deu_5c26e3769fa46ce9284ba55a5db1cea8,1,0,0,1,0,0,0,0,0,0,0,1
"Das sind keine Extremisten sondern relativ normale Muslime. Extremisten ziehen in den Krieg und enthaupten ""Ungläubige"" (meistens andere Muslime). Normale haben Muslime nur eine strenge Sexualmoral sowie hier.","ఇది తీవ్రవాదులు కాదు, సాధారణ ముస్లింలు. తీవ్రవాదులు యుద్ధంలో పాల్గొంటారు మరియు ""విశ్వాసులను"" (చాలా సందర్భాలలో ఇతర ముస్లింలను) చంపేస్తారు. సాధారణ ముస్లింలు కూడా కఠినమైన లైంగిక నైతిక నియమాలు పాటిస్తారు.",deu,deu_7fbd93adf06e7036c06fd2d4e4fd50ab,1,1,0,1,0,0,1,1,1,0,0,1
"Nö, aber alle im Ausland lebenden nationalistischen Türken sind irgendwie nach Definition im Ausland lebende Türken und um die wird es vermutlich auch in Threads gehen wo sich einheimische Türken über ""Gurbetçi"" aufregen","లేదు, కానీ విదేశాలలో నివసించే జాతీయవాద టర్క్‌లు, నిర్వచనం ప్రకారం విదేశాలలో నివసించే టర్క్‌లే, మరియు ఈ అంశంపై స్థానిక టర్క్‌లు ""గర్బెట్సి"" గురించి అభిప్రాయాలను వ్యక్తం చేసే థ్రెడ్‌లలో చర్చలు జరగవచ్చు.",deu,deu_baaf292debc0c8b144e9bbad27164f0e,1,1,1,0,0,0,1,1,0,1,0,1
"Was laberst du?
 
 Aufgrund des extrem schnellen Bevölkerungswachstums in größtenteils muslimischen Ländern wird der Anteil der Muslime an der Weltbevölkerung bis 2050 um ca. 5 Prozentpunkte steigen, während der Anteil der Konfessionslosen an der Weltbevölkerung sinkt.
 
 @URL","మీరు ఏమి చేస్తున్నారు?

చాలా వరకు ముస్లిం దేశాలలో వేగవంతమైన జనాభా పెరుగుదల కారణంగా, 2050 నాటికి ప్రపంచ జనాభాలో ముస్లింల శాతం సుమారు 5 శాతం పాయింట్ల పెరుగుతుంది, అయితే మతపరంగా కాని వ్యక్తుల శాతం తగ్గుతుంది.
@URL",deu,deu_6c7235cb9c64cd65b8d2e88a1d09dcb2,1,1,1,1,0,0,1,0,0,1,0,1
"Kriegstreiber! Auch ihr, die Propagandapresse!!!","యుద్ధాన్ని ప్రేరేపించేవారు! అంతేకాకుండా, ప్రచారం చేసే మీడియా కూడా!",deu,deu_db31993b66196db649d0c5031ddc08b3,1,1,0,0,0,1,1,1,0,1,0,1
Steuerzahler und Juden,పన్ను చెల్లిస్తున్నవారు మరియు యూదులు,deu,deu_e1c991b613cfbd9f8b58591e03032c7b,1,0,1,1,0,0,1,0,1,0,0,0
Ja die Türken leiden sehr stark unter ihrem links grün versifften Erdogan. Muss man wissen. :D,"అవును, టర్కీ ప్రజలు ఎర్డోగన్ యొక్క ఎడమ వైపున ఉన్న ఆకుపచ్చ రంగుల పాలనలో తీవ్రంగా బాధపడుతున్నారు. ఇది తెలుసుకోవడం ముఖ్యం. :D",deu,deu_c11a90ff2783b27b686b87b2f7d45648,1,1,1,0,0,1,1,1,0,1,1,0
Die Klima Armee Fraktion wird kommen.,వాతావరణ దళ వర్గం రాబోతోంది.,deu,deu_00d194407ca9e342d3970b1119026f53,1,1,0,0,0,1,1,1,0,0,0,1
"Das klingt als wuerdest du hier ein Feminismus-Gotcha aus deiner Wahrnehmung ableiten wo objektiv keines ist. Ich hab noch nie jemandes ernsthaft behauten hoeren das speziell Frauen Kriegstreiber sind, eher das Gegenteil.","ఇది, మీరు ఇక్కడ ఒక స్త్రీవాద సిద్ధాంతాన్ని రూపొందిస్తున్నట్లు అనిపిస్తుంది, దీనిలో వాస్తవానికి ఎటువంటి ఆధారాలు లేవు. నేను ఎప్పుడూ ఎవరైనా ప్రత్యేకంగా మహిళలు యుద్ధానికి కారణమని చెప్పినట్లు వినలేదు, బదులుగా దీనికి వ్యతిరేకంగా విన్నాను.",deu,deu_81bb3b7698aee91f5a25309aec92705a,1,1,0,0,1,0,1,0,0,1,0,0
"Denk ich nicht, nein. Migration ist deren Kernthema.","నా అభిప్రాయం ప్రకారం, వలస అనేది వారి ప్రధాన అంశం.",deu,deu_c95ea243b5ba4bb4e51e13b0ae57b363,1,1,0,0,0,0,1,0,0,0,0,0
Find yourself a west bank settler gf,మీకు వెస్ట్ బ్యాంక్‌కు చెందిన అమ్మాయిని కనుగొనండి.,eng,eng_face0db614834c005d03b3f41a56a317,1,1,0,0,1,0,1,1,0,0,0,0
Fascist oligarchs now control the USA,ఫాసిస్ట్ ధనవంతులు ఇప్పుడు అమెరికాను నియంత్రిస్తున్నారు.,eng,eng_d64ce581999394ad8671158997d519e2,1,1,0,0,0,0,0,1,0,1,0,0
Someone end this lunatic before he starts ethnic cleansing,"ఎవరైనా ఈ పిచ్చి వ్యక్తిని ఆపాలి, అతను జాతిపరమైన శుద్ధి కార్యక్రమాన్ని ప్రారంభించే ముందు.",eng,eng_e1b7927c76815ff63828dbe2843ad332,1,1,1,0,0,0,1,1,0,1,0,0
Hi apartheid state the one and only remaining 1.,"హాయ్, అపార్ట్‌హెయిడ్ రాజ్యం, ఇది ప్రస్తుతం ఉన్న ఏకైక రాజ్యం.",eng,eng_8193da8f814c3173b58f21e0c22b12bd,1,1,1,0,0,0,0,1,0,0,1,0
"When I hear things like ""stooge for Russian aggression"" I know who the real stooge is","""రష్యా దాడికి సహకరిస్తున్న వ్యక్తి"" వంటి విషయాలు విన్నప్పుడు, ఎవరు నిజంగా సహకరిస్తున్నారో నాకు తెలుస్తుంది.",eng,eng_8e68a7bcc441b11607d43610e9aaa674,1,1,0,0,0,1,1,1,0,0,1,1
Its no coincidence that today because of these progressive policies we now have an open air drug market. Hmmmm,"ఈ ఆధునిక విధానాల కారణంగానే, ఈ రోజు మనం బహిరంగంగా డ్రగ్ మార్కెట్‌ను కలిగి ఉన్నాము. ఇది యాదృచ్ఛికం కాదు.",eng,eng_7e428780a79c97c3962859653d5ab4fc,1,1,0,0,0,0,0,1,0,0,0,1
Go to democrats and sabotage democrats.,"ప్రజావాదుల వైపు వెళ్లి, వారిని దెబ్బతీయండి.",eng,eng_e5f7bbe9819815896375867f1e16b30c,1,1,0,0,0,0,0,0,0,1,0,0
"Does that cover lies about a stolen election, Gym?","గైమ్, దొంగిలించబడిన ఎన్నికల గురించి అబద్ధాలు చెప్పడం దీనిలో కవర్ అవుతుందా?",eng,eng_e4ad4dcd3f8aecd9aa574e5d8c931b6c,1,1,0,0,0,0,0,0,0,0,1,1
Apparently the Hamas attack was the weathers fault.,"అప్పట్లో, హమాస్ దాడి వాతావరణ పరిస్థితుల వల్ల జరిగిందని భావించారు.",eng,eng_35a04a21a59c23f14cd1487562c8601f,1,1,1,0,0,0,0,1,1,0,0,1
November 3rd was a stolen election,నవంబర్ 3వ తేదీన జరిగిన ఎన్నికలు దొంగిలించబడ్డాయి.,eng,eng_02fdc210c75b2ec254444748b32406bb,1,1,0,0,0,0,0,0,0,1,0,1
Defund the Castleton Police Department DefundThePolice,కాస్టల్టన్ పోలీసు విభాగానికి నిధులు తగ్గించండి.,eng,eng_adb1551027c430f08591f12c666f682a,1,1,0,0,0,0,0,0,0,1,0,0
"aypordios que llorera. martinez ares, feminista del ano ya.","""ఆమె కన్నీళ్లు ప్రవహిస్తున్నాయి. మర్టినెజ్ అరేస్, ఒక మహిళావాది.""",spa,spa_c8d2df5438d47454f111ebb59b913dbd,1,1,0,0,1,0,0,1,0,0,1,0
"desde que me entere que ese termino ""toxico algo"" es una invencion evangelica ya no lo uso, cuidado que esconde discursos de odio","నేను ""టాక్సిక్"" అనే పదం ఒక క్రీస్తు సంబంధిత ఆవిష్కరణ అని తెలుసుకున్నప్పటి నుండి, నేను దానిని ఉపయోగించడం లేదు. ఇది ద్వేషపూరిత ప్రసంగాలను దాచిపెడుతుందని గుర్తుంచుకోండి.",spa,spa_10cbf64b67679865c1613ea9ae6b7aa6,1,1,0,1,0,0,1,1,0,0,0,0
cualquier vago se hace pastor evangelico,"ఎవరైనా అనాసక్తిగా ఉంటే, వారు ఇవాంజెలిక్ పాస్టర్ అవుతారు.",spa,spa_09640b2f43e678e7bc6b0235e3630ecf,1,0,0,1,0,1,1,1,0,0,0,0
la reina de la corrupcion!,అక్రమతకు రాణి!,spa,spa_485e691e2c03ff591abc2d15b6ec53a0,1,1,0,0,0,1,0,1,0,0,0,1
a vos? trolita evangelica,మీకు తెలుసా? ఎవాంజెలిక్ ట్రోలిటా,spa,spa_4f3bd04235b739571ffd89d201ea23ab,1,0,0,1,0,0,0,1,0,0,0,0
"argentino y judio, bastante castigo de dios tienes tu ya.","అర్జెంటీనాకు చెందిన యూదు, మీరు ఇప్పటికే దేవుని శిక్షను అనుభవిస్తున్నారు.",spa,spa_c93249fc5ffeec389d061df56ad065f5,1,1,1,1,0,0,1,1,0,0,0,0
tan enfermo estas . indio,మీరు ఎంతగా అనారోగంగా ఉన్నారు.,spa,spa_69cb5d95af9aa1b27f47f369606c5eb0,1,0,1,0,0,0,1,1,0,0,1,0
judio zionista traidor de cristo sos el anticristo.,"యేసును మోసం చేసే, దేవునికి వ్యతిరేకమైన, శత్రువు అయిన యూదు జెనోసిస్ట్.",spa,spa_41e6c71aed1b1de00fb1489d643120ad,1,1,1,1,0,0,1,1,0,1,0,0
orgulloso de sacarle la conchetumare a un pastor evangelico por meterse en weas que no debia.,"ఒక ప్రొఫెషనల్ ఈవంగెలిక్ పాస్టర్, వారు చేయకూడని పని చేయడానికి ప్రయత్నించినందుకు వారిని తిట్టడానికి నేను గర్విస్తున్నాను.",spa,spa_1eee8fa1b9a108964a14e7b76ea8d6bb,1,0,0,1,0,0,0,1,1,1,0,0
la zorra al cuidado de las gallinas. pais de mierda.,గుర్గలలు కోళ్ళను జాగ్రత్తగా చూసుకుంటున్నాయి. ఇది ఒక చెత్త దేశం.,spa,spa_eb39eaf1ee83e429b4de1e567509e8ac,1,1,0,0,1,1,1,1,1,1,0,0
پس فرستادن کمک نظامی به اوکراین را چه می‌نامید؟,ఉక్రెయిన్‌కు సైనిక సహాయం పంపడాన్ని మీరు ఎలా పిలుస్తారు?,fas,fas_7716865d9581541b0cd1e5f18ff43135,1,1,0,0,0,0,0,0,0,0,1,0
ظاهراً حملهٔ حماس تقصیر هوا بوده!,అప్పట్లో హమాస్ దాడికి కారణం వాతావరణం అని తెలుస్తోంది!,fas,fas_11430a5d082754eb1387c0502fc06111,1,1,1,0,0,0,0,1,1,0,1,0
یک سال میلادی دیگه، یک نسل‌کشی دیگه، پخش زنده برای سرگرمی شما!  فلسطین، اسرائیل، آمریکا، لبنان، کریسمس، سال نو...,"మరో సంవత్సరం, మరో జాతి నిర్మూలన, మీ వినోదం కోసం ప్రత్యక్ష ప్రసారం! పాలస్తీనా, ఇజ్రాయెల్, అమెరికా, లెబనాన్, క్రిస్మస్, కొత్త సంవత్సరం...",fas,fas_ee3c5ecca752044be7bd539afbfb6665,1,1,1,1,0,0,0,0,0,1,0,1
برو سراغ دموکرات‌ها و خرابشون کن!,డెమోక్రాట్‌లను వెతకండి మరియు వారిని నాశనం చేయండి!,fas,fas_068d91521589bdd81441796bed387ccd,1,1,0,0,0,0,1,1,0,0,0,1
اون شامل دروغ‌هایی دربارهٔ تقلب در انتخابات هم می‌شن، جیم؟,"అతను ఎన్నికలలో మోసం గురించి కూడా అబద్ధాలు వింటున్నాడు, జిమ్?",fas,fas_64bd1aecf5cb8732a3b58da978cb5ef5,1,1,0,0,0,0,0,1,0,1,0,0
صهیونیسم قلب یهودیت است.,"సీయోనిజం, యూదుల విశ్వాసానికి మూలం.",fas,fas_3aa70413b88946d1352c60b92dcb473f,1,1,1,1,0,0,0,1,0,1,0,0
انتخابات سوم نوامبر رو دزدیده بودن!,నవంబర్ 3వ తేదీ ఎన్నికలు దొంగిలించబడ్డాయి!,fas,fas_0e59ada88cde195929bdf63d8deec4d3,1,1,0,0,0,0,0,1,0,0,0,1
فکر می‌کنی اینکه حماس از مردم به عنوان سپر انسانی استفاده می‌کنه، می‌تونه ربطی به این موضوع داشته باشه؟,"హమాస్ ప్రజలను మానవ సైపర్‌గా ఉపయోగించడం, ఇది ఈ అంశానికి సంబంధం కలిగి ఉంటుందా అని మీరు అనుకుంటున్నారా?",fas,fas_d72a4101bfc55735359f401d662d5968,1,1,1,0,0,0,1,1,1,1,1,1
به همین دلیله که جمهوری‌خواها دارن سعی می‌کنن حق رأی زنان رو بگیرن!,"దీని కారణంగా, రిపబ్లికన్ పార్టీ మహిళలకు ఓటు హక్కును తొలగించడానికి ప్రయత్నిస్తున్నాయి!",fas,fas_1f54e6e7a9a8005e0633a65190d6ec71,1,1,0,0,1,0,0,1,0,0,0,1
आप  देशद्रोही गद्दार दंगाइयों की पार्टी है,"మీరు దేశద్రోహులు, గద్దలు, మరియు అల్లర్లు సృష్టించే వారి సమూహం.",hin,hin_64137247cb5caeccfdfec4901d99b791,1,1,0,0,0,0,0,1,0,1,0,0
जिस मजहब से जानवर भी प्यार की उम्मीद नहीं करता🙄\nपता नहीं कैसे हिंदू लड़किया उनसे प्यार की उम्मीद कर लेती हैं ,ఆయా మతంలో కూడా జంతువుల పట్ల ప్రేమను ఆశించరు🙄\nఎలా హిందూ అమ్మాయిలు వారి నుండి ప్రేమను ఆశిస్తారో నాకు తెలియదు,hin,hin_b5fd58e272f56318702b13dc82f4b49b,1,0,0,1,0,0,1,1,0,1,0,0
"भारत का सामाजिक, राजनैतिक और आर्थिक बदलाव ब्राह्मणवाद के नाश के बिना संभव ही नहीं है....!!","భారతదేశంలోని సామాజిక, రాజకీయ మరియు ఆర్థిక మార్పులు బ్రాహ్మణ వర్గ వ్యవస్థ యొక్క అంతానికి లేకుండా సాధ్యం కాదు...!!",hin,hin_4e3754a00a6c64328123abe0576b49b2,1,1,1,0,0,0,1,0,0,0,0,0
"आदरणीय मोहदय जी! भगवाकरण नहीं आप ब्राह्मणवाद को बढ़ावा दे रहे हो, जिसमें ओबीसी-एसटी-एससी का कोई स्थान नहीं है।","గౌరవనీయులైన మోహదేయ గారూ! మీరు హిందూత్వాన్ని ప్రోత్సహిస్తున్నారు, కానీ బ్రాహ్మణవాదాన్ని ప్రోత్సహిస్తున్నారు, దీనిలో ओबीसी, ఎస్టీ, ఎస్సీలకు స్థానం లేదు.",hin,hin_78a740f2dedcf04405a4cf13043e55bb,1,0,1,1,0,0,1,0,0,0,0,0
"#टुकड़े_टुकड़े_गैंग देश चला रही है \nयही तो अच्छे दिन है #L_bhakto\nचाटो पीली पीली 😛😛😛😛"", ","#గుంపులు గుంపులుగా పాలించబడుతున్న దేశం\nఇదే మంచి రోజు #L_భక్తులు\nమోసాలు, అబద్ధాలు, అల్లరి 😛😛😛😛",hin,hin_1e9486a463390cfc6305626e655a021c,1,0,0,1,0,0,0,1,0,1,0,0
लव_जिहाद की घटनाएं लगातार हो रही है।,లవ్ జిహాద్ సంఘటనలు తరచుగా జరుగుతున్నాయి.,hin,hin_ab80cbfdd0f7eca04f4c47ac004ebe21,1,0,0,1,0,0,0,1,0,0,0,0
अखिलेश की सरकार परिवारवाद की सरकार।,అఖिलेश ప్రభుత్వం కుటుంబవాద ప్రభుత్వంగా ఉంది.,hin,hin_2f7d8e14bf3200d11fbac36d090bf08b,1,1,0,0,0,0,1,0,0,0,0,0
"जातिवाद + तुष्टिकरण + माफियाराज + गुंडाराज + परिवारवाद + हिन्दुविरोध = सपा""",జాతి వివక్ష + ప్రత్యేక హక్కులు + ముఠా పాలన + నేర పాలన + కుటుంబ పాలన + హిందువు వ్యతిరేకత = సమాజం,hin,hin_d12e4735ee1206ce94ee3c00bb29cbcd,1,1,1,0,0,0,1,0,0,0,0,0
लोकतंत्र को सबसे बड़ा खतरा परिवारवाद से है,ప్రజాస్వామ్యానికి అతి పెద్ద ముప్పు కుటుంబవాదం.,hin,hin_04914fbebc54d94c61dc7176f8a64da5,1,0,1,0,0,0,1,0,0,0,0,0
"सूरज निकलेगा, कमल खिलेगा।\n\nराष्ट्रवाद जीतेगा, परिवारवाद हारेगा।","సూర్యుడు ఉదయిస్తాడు, గులాబీ పువ్వులు వికసిస్తాయి.\n\nజాతీయవాదం గెలుస్తుంది, కుటుంబవాదం ఓడిపోతుంది.",hin,hin_0c8fac50754064de6da569d1ef60b494,1,0,1,0,0,0,1,1,0,0,0,0
SP परिवारवाद चलता है इसलिए भष्ट्राचार मे डूबा है ।,"एसपी కుటుంబ పాలన కొనసాగుతున్నందున, అవినీతిలో మునిగి ఉంది.",hin,hin_2469d0711087c3d27529783490ec8e31,1,1,0,0,0,0,1,0,0,0,0,0
"कल\n\nवोट करेंगे राष्ट्रवाद को और \nचोट करेंगे परिवारवाद को 🚩🚩""",రేపటిన\n\nజాతీయవాదాన్ని ప్రోత్సహిస్తాము\nకుటుంబవాదాన్ని వ్యతిరేకిస్తాము 🚩🚩,hin,hin_a8c71f9e63de18a540dbb65925d0fb3e,1,0,1,0,0,0,1,1,0,0,0,0
परिवारवाद मिटाना है तो एक बार फिर मोदी जी को लाना है,"కుటుంబవాదంను నిర్మూలించడానికి, మళ్లీ మోదీని ఎన్నుకోవాలి.",hin,hin_39f509a551f5f5f5e970991f3581c034,1,1,0,0,0,0,1,0,0,0,0,0
"भ्रष्टाचार और परिवारवाद को जड़ से उखाड़ फेंकना है\nजागो सनातनियों जागो\n#जय_हिंद🙏🙏🇮🇳""","అవినీతి మరియు కుటుంబవాదాన్ని పూర్తిగా నిర్మూలించాలి.
""జాగ్రత్త, సత్యవాదులు, జాగరూకతతో ఉండండి""
#జై_భారత్🙏🙏🇮🇳",hin,hin_abf3aa6c5fc3999e66c10e0b31997b7e,1,0,1,1,0,0,1,0,0,1,0,0
Bcci का चेयरमैन अमित शाह हैं ये परिवारवाद नहीं है क्या। अन्ध भक्त,"బిసిసి అధ్యక్షుడు అమిత్ షా, ఇది కుటుంబ రాజకీయాలు కాదు కదా? నిజమైన భక్తుడు.",hin,hin_b494637e0c1ebf63c5e423ea155caa97,1,1,0,0,0,0,1,0,0,0,0,0
"पश्चिम यूपी की जनता कल एक बार फिर परिवारवाद को नकार कर राष्ट्रवाद पर मोहर लगाने वाली है।\n#UpYoGi_संकल्प"", ","ఉత్తరప్రదేశ్ ప్రజలు రేపు మళ్లీ కుటుంబవాదాన్ని తిరస్కరించి, జాతీయవాదాన్ని సమర్థిస్తారు.
#ఉత్తరప్రదేశ్_నిర్ణయం",hin,hin_351e1762c6dfaeb00d9a5d0ab7062aa9,1,1,0,0,0,0,1,0,0,0,0,0
"कांग्रेस देश विरोधी देशद्रोही है""","కాంగ్రెస్ దేశ వ్యతిరేక, దేశద్రోహ సంస్థ.",hin,hin_1544124800af2411d7a8a96196b3e79c,1,1,0,0,0,0,1,1,0,0,0,0
"Mulla है देशद्रोही तो होगा ही।"",","""మల్లా దేశద్రోహి అని అనుకోవడం సహజమే.""",hin,hin_7938f37695bd2335e0778153513be7dd,1,0,0,1,0,0,1,1,0,1,0,0
" क्यो रे देशद्रोही दलाल, आंदोलन जीवी कीड़े","ఓ దేశద్రోహ స్వindler, మీరు ఈ ఉద్యమాన్ని ఎలా సృష్టిస్తున్నారు?",hin,hin_ebcdf1dc0c18579d506d35795fec4769,1,0,1,0,0,0,1,1,0,0,0,0
ఈ సమాజంలో మహిళల మాటకు విలువ తక్కువ,ఈ సమాజంలో మహిళల అభిప్రాయాలకు తక్కువ ప్రాధాన్యత ఉంది.,tel,tel_d8a2582956a8f78358bf35a74724da55,1,0,0,0,1,0,1,0,0,0,1,0
ఈ నాయకుడు తన స్వార్థం కోసం మాత్రమే పని చేస్తాడు.,ఈ నాయకుడు కేవలం తన స్వార్థం కోసం మాత్రమే పనిచేస్తాడు.,tel,tel_1b1435f1782739cb309dbefe84f8df7e,1,1,0,0,0,0,0,1,0,0,0,0
కొన్ని చోట్ల నల్లజాతీయుతో ఇంకా చెడుగా ప్రవర్తిస్తున్నారు.,"కొన్ని ప్రదేశాల్లో, నల్లజాతి ప్రజలతో ఇంకా ద్వేషపూరిత ప్రవర్తన కొనసాగుతోంది.",tel,tel_7c7f9defab93420a4640307a800ae567,1,0,1,0,0,0,1,0,0,0,1,0
కొన్ని అంతర్జాతీయ సంస్థలు పెద్ద దేశాల నియంత్రణలోనే ఉంటాయి.,కొన్ని అంతర్జాతీయ సంస్థలు పెద్ద దేశాల ఆధీనంలో ఉంటాయి.,tel,tel_4b027e47cfce3bc6e1449d7d03fbc7bb,1,0,0,0,0,1,0,1,0,0,0,0
దళితులకి ఈ రాష్ట్రంలో ఎప్పుడూ గౌరవం దక్కదు.,ఈ రాష్ట్రంలో దళితులకు ఎప్పటికీ గౌరవం లభించదు.,tel,tel_e2497244fadf832125c498ad664cd247,1,0,1,0,0,0,1,0,0,0,1,0
పురుషులే బలమైన నాయకులు అవుతారు.,పురుషులు సాధారణంగా బలమైన నాయకులుగా ఉంటారు.,tel,tel_8e5b9d3659939d54f7136df7baa85391,1,0,0,0,1,0,1,0,0,0,0,1
ఈ నగరంలో పోలీసులు నేరస్థులను పట్టుకోవడంలో విఫలమవుతున్నారు.,"ఈ నగరంలో, పోలీసులు నేరస్థులను పట్టుకోవడంలో విఫలమవుతున్నారు.",tel,tel_1a6125f223e4aed845453a5f0b03fd93,1,0,0,0,0,1,0,0,0,0,0,1
కొన్ని దేశాలు మత స్వేచ్ఛను పూర్తిగా అణచివేస్తున్నాయి.,కొన్ని దేశాలు మత స్వేచ్ఛను పూర్తిగా అడ్డుకుంటున్నాయి.,tel,tel_6529802670264b4595f6419cf8103cda,1,0,0,1,0,0,0,1,0,1,0,1
మహిళలకు సమాన వేతనం ఇవ్వని సంస్థలు చట్టానికి లోబడాలి.,మహిళలకు సమాన వేతనం ఇవ్వని సంస్థలు చట్టానికి కట్టుబడి ఉండాలి.,tel,tel_468d5a9de447ffd5fcb73490a36108b5,1,0,0,0,1,0,0,0,0,0,1,0
ఎన్నికల్లో అవినీతి వల్ల ప్రజల ఓటు విలువ తగ్గుతోంది.,ఎన్నికలలో అవినీతి కారణంగా ప్రజల ఓటు విలువ తగ్గిపోతోంది.,tel,tel_d273c51132b30c1be3eacc9f0d059f0a,1,1,0,0,0,0,0,0,0,0,0,1
"Bir kanal, Saray'daki gayr-ı meşru iktidar daha iyi soygun yapabilsin diye karartıldı. Hep daha fazla daha fazla soysunlar diye...","ఒక ఛానెల్, రాజభవనంలోని అనధికారిక పాలకులు మరింత ఎక్కువ దోపిడీ చేయడానికి చీకటిగా మార్చబడింది. వారు మరింత ఎక్కువ దోపిడీ చేయడానికి...",tur,tur_9b252215ed16352db1298f27decbfc37,1,1,0,0,0,0,0,1,0,0,0,0
"Domuz eti yiyince gavur diyorlar aşağlıyorlar. Ama Uygurların hayatlarını pazarlık konusu edip çıkar elde edenlere bir bildiği vardır diyorlar. Domuz eti yiyen, içki içenlerle uğraşmayı bırakın. Yetim hakkı, kul hakkı yiyenlere bir kerecik odaklanın.","పంది మాంసం తినేవారిని అవమానించేలా మాట్లాడుతున్నారని చెబుతున్నారు. అయితే, ఉర్దూ ప్రజల జీవితాలను లాభాపేక్షతో ఉపయోగించుకునే వారి గురించి వారికి తెలుసని చెబుతున్నారు. పంది మాంసం తినేవారు, మద్యం సేవించే వారితో వ్యవహరించడం మానేసి, నిస్సహాయుల హక్కులను",tur,tur_838a0a3e8e335a3013727e7e359b295f,1,0,0,1,0,0,1,0,0,0,0,0
Senin kanuni yetkini kullanarak yaptığın atamalara Cumhurbaşkanı karışıyor mu! Atama yapmadan önce belediye personeline seçim mi yaptırıyorsun? Polislere saldıran militanlara tepki veremeyen Mansur Yavaş'tan hadsiz açıklama!,"మీ చట్టపరమైన అధికారాలను ఉపయోగించి మీరు చేసే నియామకాలకు అధ్యక్షుడి జోక్యం ఉంటుందా! నియామకం చేయడానికి ముందు, మీరు మునిసిపల్ సిబ్బందికి ఎన్నికలు నిర్వహిస్తున్నారా? పోలీసులపై దాడి చేస్తున్న మిలిటెంట్లకు స్పందించలేని మాన్సుర్ యవాస్ యొక్క అసభ్యకరమైన ప్రకటన!",tur,tur_a63db0590d6c27d28cbd2be16fcd7fa2,1,1,0,0,0,0,0,0,0,0,1,0
Bizde erkekler olarak insaniz insan bizde kalmasi yönünde kararimiz olduğu halde verilmeyen cocuklarimizi haciz ederek almanin acisini kimse bilemez bu #nafaka zulmune #cocukicrasi na #tazyikhapsi ne bi son verin artik lutfen sayin @RTErdogan #erkeklerdeinsan #bekliyoruz https://t.co/2fk0d6dyrC,"మేము పురుషులుగా, పిల్లలను కలిగి ఉండాలనే నిర్ణయం ఉన్నప్పటికీ, పిల్లలను తీసివేయడం ద్వారా కలిగే బాధను ఎవరూ అర్థం చేసుకోలేరు. #నాఫాకా జూతి, #పిల్లల తీసివేత, #అవమానకరమైన పరిస్థితుల నుండి బయటపడండి. దయచేసి @",tur,tur_0bc036e5cfe739820d82d6cbed3162f0,1,0,0,0,1,0,0,0,0,0,1,0
Eymir'de kesilen ağaçları belediye kesseydi zihniyeti bozukların hepsi ellerinde molotofla meydanlara çıkardı.,"ఎయిమిర్లో చెట్లు నరికితే, మనస్తత్వం సరిగా లేని వారు అందరూ మోలోటోఫ్ బాణాలతో వీధుల్లోకి వెళ్లేవారు.",tur,tur_b423f2d0096e47a576a1b357060ee0d8,1,0,0,0,0,1,1,1,0,0,0,0
"Türkiye, dünyada pandemi sürecinde halkına en az yardım eden ülke ve halkına IBAN gönderen 5 ülkeden birisi olmuş! Yardımların %89'unu patronlara yaparken, sadece %11'ini fakir halka yapmışlar!Birisi bunlar için, ""kimsesizlerin kimsesi, halkın adamı"" falan mı demişti..?","టర్కీ, ప్రపంచంలో మహమ్మారి సమయంలో తన ప్రజలకు తక్కువ సహాయం చేసిన దేశాలలో ఒకటిగా మరియు ప్రజలకు IBAN పంపిన 5 దేశాలలో ఒకటిగా నిలిచింది! సహాయం యొక్క 89% ను యజమానులకు అందించగా, కేవలం 11% ను పేద ప్రజలకు అందించారు! ఒక వ్యక్తి, ""పేదవారికి సహాయం",tur,tur_08e96ca3343271226b8a894a6825e61c,1,1,0,0,0,0,0,0,0,0,1,0
Bende hep onu diyorum ama siz İslama dinimize karşı yapılan yanlışa yanlış diyemiyorsunuz reis yaptıysa vardır bir bildiği deyip konu kapatıyorsunuz. Biz dünyanın hakaretkerini işitiyoruz siz sesinizi dahil çıkarmıyorsunuz,"నేను ఎప్పుడూ ఇలాగే చెబుతున్నాను, కానీ మీరు ఇస్లాం పట్ల జరుగుతున్న తప్పులను ఎత్తి చూపలేరు. ""అది ఆయనకు ఏదో తెలుసు, కాబట్టి మనం దాని గురించి మాట్లాడకూడదు"" అని మీరు చెప్పి, ఆ విషయాన్ని వదిలేస్తారు.",tur,tur_407cb732d019323c5a923659fceeae35,1,0,0,1,0,0,0,0,0,0,1,0
"Bilmiyorum cevap mı, boş yere mi nefret ediyorsun, ilk defa homofobik bir ateist görüyorum, sen Allah'ın olmadığını anladın ama lgbtqya ayrımcılık yapmanın yanlış olduğunu anlayamadın mı? Sizin yüzünüzden trans insanların 60% kendini öldürmeyi deniyor, peki neden nefret dolusun?","నాకు తెలియదు, ఇది సమాధానమా, లేక మీరు కేవలం ద్వేషపూరితంగా మాట్లాడుతున్నారా? ఇదివరకు నేను ఇలాంటి ఒక అథేయిస్ వ్యక్తిని చూడలేదు. మీరు దేవుడు లేడని తెలుసుకున్నారు, కానీ LGBTQ వ్యక్తుల పట్ల వివక్ష చూపించడం తప్పు అని మీరు గ్రహించలేదా? మీ వల్ల ట్రాన్స్ వ్యక్తులు 6",tur,tur_126f51b888c0589f8a7aa3a565f570e3,1,0,0,0,1,0,1,0,0,0,1,0
"Suriyeli isteyen Suriye'ye, Afgan isteyen Afganistan'a gitsin!","సరియాకు వెళ్లాలనుకునే వారు, సరియాకు వెళ్లాలి! ఆఫ్ఘనిస్తాన్‌కు వెళ్లాలనుకునే వారు, ఆఫ్ఘనిస్తాన్‌కు వెళ్లాలి!",tur,tur_1c4cad7e97ca43ff8ca0f1926137a955,1,0,1,0,0,0,0,0,0,0,1,0
#زنجیروں_میں_جکڑا_میڈیا جب تک ہے دم لڑے گے ہم اس بکاؤ میڈیا کے خلاف نواز شریف کے ساتھ,"#చైన్‌తో బంధించబడిన మీడియా, మనం ఈ దుష్ట మీడియాకు వ్యతిరేకంగా నవాజ్ షరీఫ్తో పోరాడుతాము.",urd,urd_6c620b699672b5890f5bc695e563cef5,1,1,0,0,0,1,1,1,0,1,0,1
ملک کی تین بڑی سیاسی جماعتیں جلد ہی میثاق جمہوریت پہ دستخط کریں گی پنڈی سے قہقوں کی آوازیں آئیں گی,"దేశంలోని మూడు ప్రధాన రాజకీయ పార్టీలు త్వరలో ""సమాఖ్యవాదం"" ఒప్పందంపై సంతకం చేస్తాయి. పండి నుండి వచ్చే శబ్దాలు వినిపిస్తాయి.",urd,urd_6cc3ca6ec85a024e0bc9344ec915eb22,1,1,0,0,0,0,0,1,0,1,0,1
-JaximH پٹواری پڑھے لکھے بھی ہوتے ہیں میں تو سمجھا تھا خالی ذہنی غلام ہوتے ہیں,"-జాక్సిమ్ పటోవారి చదువుకున్నవారు, నాకు తెలుసు వారు సాధారణంగా తెలివైనవారు కాదు.",urd,urd_d24a0ac127421e1e0d2af17e01be1c19,1,1,0,0,0,0,1,0,0,1,0,1
پٹھان،سندھی،بلوچی،مہاجروغیرہ،یہ فرقہ پرستی اور یہ گندے نعرے اسی فضامیں لگتے ہیں،جہاں سے نبیﷺ کی زندگی نکل جاتی ہیں!!!!,"పంజాబీ, సింధీ, బלוచ్, మైనారిటీలు మొదలైన వివిధ వర్గాల ప్రజలు, ఈ విధమైన మతపరమైన విభేదాలు మరియు అసభ్యకరమైన నినాదాలను ఆ ప్రదేశంలోనే వినిపిస్తాయి, ఇక్కడే ప్రవక్త ﷺ జీవితం ప్రారంభమైంది!!!!",urd,urd_4a930711e8ea17242cbe8ceb9996e872,1,1,1,1,0,0,1,1,1,1,1,0
علیحدگی پسندوں بلوچوں نے آج کے میچ کی جھلکیاں برائے پنجاب مخالف پروپیگنڈہ محفوظ کر لی ہیں۔,"విభేదవాద భావాలు కలిగిన బלוచ్ ప్రజలు, ఈరోజు జరిగిన మ్యాచ్ యొక్క సంఘటనలను, పంజాబ్ వ్యతిరేక ప్రచారం కోసం ఉపయోగించుకున్నారు.",urd,urd_045feb65e38c4a897904fbd56b7e2832,1,0,1,0,0,0,1,1,0,0,0,0
نہ صرف فتنہ خان بلکہ گوگی پنکی اور ابراہیم کو بھی غیر قانونی کیش کا بہت شوق ہے #فتنے_کو_کیش_پسند_ہے,"ఫతనే ఖాన్ మాత్రమే కాకుండా, గోగి పంకీ మరియు ఇబ్రహీం కూడా చట్టవిరుద్ధమైన డబ్బును ఇష్టపడతారు.",urd,urd_0a467e5b6637e37ae97c3e505c6d4284,1,1,0,0,1,0,1,0,1,0,1,0
عنقریب پاکستان کی سیاست سے انتہائی غلیظ ترین بدبودار گھناؤنا فاشسٹ کردار ختم ہونے کو ہے,"భారతదేశానికి దగ్గరగా ఉన్న పాకిస్తాన్ రాజకీయాల్లో అత్యంత అసహ్యకరమైన, వినాశకరమైన ఫాసిస్ట్ శక్తులు అంతం కానున్నాయి.",urd,urd_914a5393dd4781d3594cbc67f93807f8,1,1,0,0,0,0,0,1,1,1,0,0
چند نوٹوں پہ بکنے والا نمک حرام صحافی  #گٹرصحافت @username,కొన్ని నోట్లలో అమ్మే ఒక అవినీతిపరుడైన జర్నలిస్ట్ #గట్టర్ జర్నలిజం @username,urd,urd_cb1e1e3b8d5f9193e831ca2d7e6eb85f,1,1,0,0,0,1,0,1,0,1,0,1
سندھ کے دوست باش و پرخلوص باسیوں کو زرداری جیسی گالی و بلاول جیسے مخنث لوطی لونڈے کے رحم و کرم پر چھوڑنا اسٹیبلشمنٹ کی سب سے بڑی زیادتی ہے,"సంధ్ ప్రాంతంలోని నిజాయితీగల మరియు నిజమైన ప్రజలను, జార్दारी మరియు బలోల్ వంటి వ్యక్తుల యొక్క దురాశ మరియు అసభ్యకరమైన ప్రవర్తన నుండి రక్షించకపోవడం, వ్యవస్థ యొక్క అతి పెద్ద దుర్మార్గం.",urd,urd_2dc7721e0be22c5374d96170ed4e6454,1,1,0,0,1,0,1,1,1,1,0,0
کنڑ،کٹھ پتلی فوجوں پرحملے،دو ہلاک،5 زخمی @username,"కన్న, బొమ్మల సైన్యంపై దాడి, 2 మంది మరణించారు, 5 మంది గాయపడ్డారు @username",urd,urd_2d4477d500bb8886546aa12fc25f2c92,1,1,0,0,0,0,1,0,1,0,0,1
我觉得中国女性媚外值得批评的是中国男性，你们看一看出轨的女人的老公一看就很软弱，而以前在社会上混的男人的老婆我没发现谁敢出轨，中国男人如果能和黑人或穆斯林男性一样暴力，那中国就没有媚外的说法。,"నా అభిప్రాయం ప్రకారం, చైనా మహిళలు విదేశీ పురుషులతో సంబంధం పెట్టుకోవడం అనేది చైనా పురుషులపై విమర్శించడానికి ఒక కారణం. ఒక మహిళ తప్పు చేసినప్పుడు, ఆమె భర్త బలహీనంగా కనిపిస్తారు. అయితే, గతంలో సమాజంలో జీవించిన పురుషుల భార్యలు ఎవరూ తప్పు",zho,zho_c97664ffb77ea98c5ea6f7cc8417b65c,1,0,1,0,1,0,1,1,0,1,0,0
楼主啊！我记得这是某位普信女写的关于男性的条件吧，改的好，还有，您的帖子里面有条目🐶，赶紧置顶羞辱,"అందరికీ నమస్కారం! నేను గుర్తుంచుకుంటున్నది, ఇది ఒక సాధారణ వ్యక్తి రాసిన పురుషుల లక్షణాల గురించి. ఇది చాలా బాగుంది. అంతేకాకుండా, మీ పోస్ట్‌లో ఒక అంశం ఉంది, దాన్ని వెంటనే ప్రముఖంగా ఉంచండి.",zho,zho_b3f61cab1af9ec0499e53e3fdee942c5,1,0,0,0,1,0,0,1,1,1,0,0
我不恐同，就是单纯的厌恶，觉得恶心，不为别的，就为txl群体传播x病，还要骗人形婚，毁人一生。运气差一点的，只是被骗婚。运气再差一点，被骗着生个孩子，把孩子也毁了。运气差到爆的，被人骗婚，还被传染上x病，这就是txl群体干的好事。,"నేను సమానత్వాన్ని ద్వేషిస్తున్నాను, ఇది కేవలం అసహ్యంగా ఉంది. Txl సమూహం ద్వారా వ్యాధి వ్యాప్తి చేయడం, మరియు మానవ సంబంధాలను మోసం చేయడం, ఒక వ్యక్తి జీవితాన్ని నాశనం చేయడం వంటి వాటిని నేను వ్యతిరేకిస్తున్నాను. కొంచెం అదృష్టం లేని వారు, కేవలం మోసపోయి పెళ్లి చేసుకుంటారు",zho,zho_c7e5709613eee6e23ba510eab08989fc,1,0,0,0,1,0,1,1,0,0,0,0
综上所述，以后想起来会补充，同性恋就纯纯懦夫,"కాబట్టి, దీని ఆధారంగా, భవిష్యత్తులో ఆలోచిస్తే, స్వలింగ సంపర్కం అనేది కేవలం బలహీనత, పిరికితనం అని తెలుస్తుంది.",zho,zho_2c8a085de81405835426d8ebe21505fd,1,0,0,0,1,0,1,1,0,0,0,0
真白左当然支持，但问题是西方所谓的白左都是虚伪的白左，英文叫liberals，和中国女权一样，表面上平权，实际上是挂平权狗头卖特权狗头，真女权真白左没多少人反对的，可惜大多数都是虚伪的傻逼。,"ఖచ్చితంగా, ""నిజమైన ఎడమ"" స్వభావాన్ని కలిగి ఉన్నవారు మద్దతు ఇస్తారు, కానీ సమస్య ఏమిటంటే, పాశ్చాత్య దేశాలలో ""నిజమైన ఎడమ"" అని పిలువబడేవారు నిజానికి మోసపూరితమైనవారు. వారు ""లిబరల్స్"" అని పిలువబడతారు. ఇది చైనా",zho,zho_9a17b3c82f56757cf7d7655957ce53cc,1,1,0,0,1,0,1,1,0,1,0,0
有些穆斯林特恶心吃猪肉的，不爱带面纱的女人也滚......他们的三观出问题了吗？,"కొంతమంది ముస్లింలు పంది మాంసం తినడానికి ఇష్టపడరు, మరియు చీర ధరించడానికి ఇష్టపడని మహిళలు కూడా వెళ్ళిపోండి... వారి ఆలోచన విధానంలో ఏదైనా లోపం ఉందా?",zho,zho_7c983a401092783013f6cce628bcb768,1,0,0,1,0,0,0,1,0,0,1,0
混血，眼睛是蓝色，混了白皮猪的血,"రంగుల చర్మం, నీలి రంగు కళ్ళు, తెల్లటి పంది రక్తంతో కలిపిన కలయిక.",zho,zho_5ce63405586fd4b4733dd3e930a3f992,1,0,1,0,0,0,0,1,1,0,0,0
对待黑蛆直接清空弹夹完事,"నల్లజాతీయులను నేరుగా ఎదుర్కొని, ఆయుధాలను పూర్తిగా ఖాళీ చేయడం.",zho,zho_1c7ecd0d2067f659e2b587ee3f84ac8a,1,0,1,0,0,0,0,1,1,1,0,0
我在非洲呆过很久，相信我，黑人不值得同情，他们就是劣等民族，没有羞耻心没有上进心，天生就该被奴役的种族。,"నేను చాలా కాలం ఆఫ్రికాలో ఉన్నాను, నమ్మండి, నల్ల ప్రజలు దయతో చూడటానికి అర్హులు కాదు, వారు తక్కువ స్థాయి జాతికి చెందినవారు, వారికి సిగ్గు లేదు, అభివృద్ధి లేదు, వారు పుట్టుకతోనే బానిసలుగా ఉండటానికి ఉద్దేశించబడ్డారు.",zho,zho_8b90b2d2e0b3a59e3ead1c66224d8d68,1,0,1,0,0,0,1,1,1,0,1,1
又不给做绝育又圣母只能让流浪猫越来越多都成生态杀手了,"అయితే, జంతువులను చంపకుండా, తల్లిగా ఉండకుండా, కేవలం వీధి పిల్లులను పెంచడం వలన, అవి మరింతగా పెరిగి, పర్యావరణానికి హాని కలిగించే ప్రమాదం ఉంది.",zho,zho_65cfdec2eaf28b0199c5fd1352bfc09c,1,0,0,0,0,1,1,1,0,0,0,0
